Product Name,Price,Rating
"Wireless Earbuds, Bluetooth 5.3 Headphones HiFi Stereo 50H Playback LED Digital Display Ear Buds with ENC Noise Canceling Headset, IPX7 Waterproof Earphones for Gym/Running/Work (White)",21.82,4.9 out of 5 stars
"S48 wireless earbuds bluetooth 5.4 Headphones 42h Duration Playback for running/fitness/office use. Equipped with 4 noise cancelling microphones, IPX7 waterproof and LED battery display screen Black",25.67,5.0 out of 5 stars
"Wireless Earbuds, Bluetooth 5.4 Headphones, True Wireless Stereo Earphones with Noise Cancelling Mic, IPX7 Waterproof, Comfort Fit and Fast Charging Ear Buds (Black)",24.38,4.9 out of 5 stars
"Soundcore P30i by Anker Noise Cancelling Earbuds, Strong and Smart Noise Cancelling, Powerful Bass, 45H Playtime, 2-in-1 Case and Phone Stand, IP54, Wireless Earbuds, Bluetooth 5.4 (Black)",,4.4 out of 5 stars
"Wireless Earbuds, Bluetooth 5.4 Headphones Bass Stereo, Ear Buds with Noise Cancelling Mic, LED Display in Ear Earphones Clear Calls, IP7 Waterproof Bluetooth Earbuds for Laptop/Phones/Sports, Black",25.46,4.6 out of 5 stars
"JBL Tune Buds - True wireless Noise Cancelling earbuds, JBL Pure Bass Sound, Bluetooth 5.3, 4-Mic technology for Crisp, Clear Calls, Up to 48 hours of battery life, Water and dust resistant (Blue)",,4.1 out of 5 stars
"JBL Vibe Buds - True Wireless Earbuds, Smart Ambient, VoiceAware, Up to 32 total hours of battery life with speed charging, Water and dust resistant, JBL Deep Bass Sound (Black)",,4.2 out of 5 stars
TAGRY Bluetooth Headphones True Wireless Earbuds 60H Playback LED Power Display Earphones with Wireless Charging Case IPX5 Waterproof in-Ear Ear buds with Mic for TV Smart Phone Laptop Computer Sports,34.66,4.4 out of 5 stars
"Samsung Galaxy Buds FE True Wireless Bluetooth Earbuds, Comfort and Secure in Ear Fit, Auto Switch Audio, Touch Control, Built-in Voice Assistant, Graphite [US Version, 1Yr Manufacturer Warranty]",89.87,4.3 out of 5 stars
"Beats Studio Buds - True Wireless Noise Cancelling Earbuds - Compatible with Apple & Android, Built-in Microphone, IPX4 Rating, Sweat Resistant Earphones, Class 1 Bluetooth Headphones - Black",,4.2 out of 5 stars
"Wireless Earbuds, Bluetooth 5.4 Headphones Bass Stereo, Ear Buds with Noise Cancelling Mic, LED Display in Ear Earphones Clear Calls, IP7 Waterproof Bluetooth Earbuds for Laptop/Phones/Sports, White",47.5,4.6 out of 5 stars
"Soundcore P31i by Anker, Real-Time Adaptive Noise Cancelling, Hi-Res Sound, Translation Earbuds, 50H Playtime, Wireless Earbuds, Bluetooth Earphones, Spatial Audio, Fast Charging, IP55",44.93,4.6 out of 5 stars
GNMN Active Noise Cancelling Ear Buds Wireless Earbuds 96hrs Playback Bluetooth Headphones Dual Battery Display Stereo Bass Earphones with Earhooks Microphone IPX7 Waterproof for Sports/Workout,101.43,4.9 out of 5 stars
"Soundcore by Anker P20i True Wireless Earbuds, 10mm Drivers with Big Bass, Bluetooth 5.3, 30H Long Playtime, Water-Resistant, 2 Mics for AI Clear Calls, 22 Preset EQs, Customization (White)",33.59,4.4 out of 5 stars
"Wireless Earbuds Bluetooth 5.3 Sport Headphones with Earhooks,IPX7 Waterproof Earphones,48H Playtime Earbuds,Lightweight 7.8g,Noise Cancelling Mic Bluetooth Headphones for Running & Workout-Black",25.66,4.8 out of 5 stars
"Wireless Earbuds Bluetooth Headphones, 50H Playtime Ear Buds with Mic, LED Digital Display Charging Case, IPX7 Waterproof, Deep Bass Stereo, in-Ear Earphone for iPhone Andriod Phone",21.82,4.9 out of 5 stars
"Bose QuietComfort Earbuds - True Wireless Bluetooth Earbuds with Active Noise Cancellation and Mic, USB-C Charging, IPX4 Rating, Up to 8.5 Hours of Playtime, Black",,3.9 out of 5 stars
"bmani Ear Buds Wireless Earbuds Bluetooth Headphones with 80H Playtime LED Display Case, Over-Ear Hook with Mic, Stereo Sound, Easy Button Controls, Sports Earphones for Running Workout Gym Black",31.7,4.3 out of 5 stars
"JBL Endurance Peak 3 - Dust and Water Proof (IP68) True Wireless Active Earbuds, JBL Pure Bass Sound, Up to 50 Total Hours of Playback with Speed Charge, Ambient Aware & Talk Thru (Black)",,4.0 out of 5 stars
"JBL Endurance Race 2 - Waterproof (IP68) Sports True Wireless Earbuds with 4 mics for Crisp, Clear Calls, JBL Pure Bass Sound, 48Hrs of Playback, Plus Speed Charging & Active Noise Cancelling (Black)",,4.2 out of 5 stars
PocBuds Bluetooth Headphones Wireless Earbuds 80hrs Playtime Wireless Charging Case Digital Display Sports Ear Buds with Earhook Deep Bass IPX7 Waterproof Over-Ear Earphones for TV Phone Laptop Black,31.66,4.4 out of 5 stars
"Wireless Earbuds Bluetooth 5.3 Headphones, 40Hrs Playback Stereo Ear Buds with LED Display Charging Case IPX7 Waterproof in-Ear Earphones with Mic for Phone Tablet Laptop Sports, White",20.71,4.4 out of 5 stars
occiam Sport Wireless Earbuds Bluetooth Headphones 80hrs Playtime Deep Bass Ear Buds with Earhook Noise Cancelling Mic Waterproof Earphones for Workout Running Black,25.67,4.8 out of 5 stars
"Samsung Galaxy Buds Fan Edition(FE) SM-R400, Active Noise-Cancelling, Wireless Bluetooth v5.2 Earbuds, Android 8.0 and Up - (Graphite)",62.91,4.4 out of 5 stars
"Wireless Earbuds, Ear Buds Active Noise Cancelling with Charging Case, 6.0 Bluetooth Earbuds with AI Clear Calls, 40H Playtime for Sports & Working, Stereo Sound Headphones for iPhone/Android- Black",95.01,4.8 out of 5 stars
TAGRY Bluetooth Headphones True Wireless Earbuds 60H Playback LED Power Display Earphones with Wireless Charging Case IPX5 Waterproof in-Ear Ear buds with Mic for TV Smart Phone Laptop Computer Sports,34.66,4.4 out of 5 stars
Sony WF-1000XM5 Truly Wireless Noise Canceling Earbuds (Black),282.48,4.1 out of 5 stars
"Soundcore P30i by Anker Noise Cancelling Earbuds, Strong and Smart Noise Cancelling, Powerful Bass, 45H Playtime, 2-in-1 Case and Phone Stand, IP54, Wireless Earbuds, Bluetooth 5.4 (White)",,4.4 out of 5 stars
"Technics Reference Class Hi-Fi Wireless Earbuds, Dolby Atmos, Head Tracking, Adaptive Noise Cancelling, 3 Device Multipoint, 10-hr Battery, Wireless Charging, in Ear Headphones - EAH-AZ100-K (Black)",,4.2 out of 5 stars
"Skullcandy Dime Evo Wireless Earbuds, Bluetooth Headphones, Noise Isolating Fit, Up to 36 Hours Battery, Microphone for iPhone Android, Easy Carry with Clip-Anywhere Case - True Black",,4.4 out of 5 stars
"Wireless Earbuds, Bluetooth Headphones V5.4 Stereo Bass Ear Buds with ENC Noise Cancelling Mics,56H Bluetooth Earbuds with LED Display Charging Case, IP7 Waterproof Earphones for Android iOS【Mini】",32.09,4.9 out of 5 stars
Sony WF-1000XM5 Truly Wireless Bluetooth Noise Canceling Headphones - Black (Renewed),,4.0 out of 5 stars
"Wireless Earbuds, Sports Bluetooth Headphones, 80Hrs Playtime Ear Buds with LED Power Display, Noise Canceling Headset, IPX7 Waterproof Earphones for Workout/Running",,5.0 out of 5 stars
"JBL Vibe Flex True Wireless Earbuds – Bluetooth Earphones with Deep Bass Sound, IP54 Water & Dust Resistant, Long Battery Life, Voice Assistant Compatible, Open-Ear Design (Beige)",51.3,4.3 out of 5 stars
"Monster Achieve 300 AirLinksWireless Earbuds, Bluetooth 5.3 in-Ear Stereo Headphones, Built-in Mic for Crystal Clear Call, 32H Playtime, Type-C Charging, Black",102.2,4.8 out of 5 stars
"OnePlus Buds 4, Bluetooth Wireless Earbuds, Storm Gray, E513A, in-Ear Headphones with Active Noise Cancellation",115.5,4.5 out of 5 stars
"Sony WF-1000XM5 The Best Truly Wireless Bluetooth Noise Canceling Earbuds & in-Ear Headphones with Alexa Built-in, Black",292.76,3.8 out of 5 stars
"Status Between 3ANC Onyx True Active Noise Cancelling Wireless Earbuds - Black iPhone & Android ANC in Ear Buds, Charging Case, Built-in 6 Microphones, 8H Playtime, Bluetooth 5.2, IPX5 Waterproof",165.64,4.1 out of 5 stars
"Sony WI-C100 Wireless in-Ear Bluetooth Headphones with Built-in Microphone, Black",35.95,4.2 out of 5 stars
"Beats Flex Wireless Earbuds - Apple W1 Headphone Chip, Magnetic Earphones, Class 1 Bluetooth, 12 Hours of Listening Time, Built-in Microphone - Smoke Gray",,4.2 out of 5 stars
"Skullcandy Push Active Wireless Earbuds, Bluetooth Headphones, Noise Isolating, 44 Hrs Battery, Secure-Fit Over-Ear Hanger, Sweat and Water Resistant, Microphone for iPhone Android - True Black/Orange",,3.9 out of 5 stars
"Apple AirPods Pro 2 Wireless Earbuds, Active Noise Cancellation, Hearing Aid Feature, Bluetooth Headphones, Transparency, Personalized Spatial Audio, High-Fidelity Sound, H2 Chip, USB-C Charging",,4.6 out of 5 stars
AI Translation Earbuds Real Time 164 Languages 80H Playtime Translator Ear Buds Audifonos Traductores Inglés Español Wireless Earphones Bluetooth Headphones for Travel Business Meeting Learning White,154.07,4.9 out of 5 stars
Samsung Galaxy Buds 3 Wireless Earbud Headphones - Silver,115.56,4.1 out of 5 stars
